step,loss,geometry_L7_interference_mean,geometry_L7_spectral_participation,geometry_L7_coactivation_overlap,geometry_L14_interference_mean,geometry_L14_spectral_participation,geometry_L14_coactivation_overlap,geometry_L26_interference_mean,geometry_L26_spectral_participation,geometry_L26_coactivation_overlap,control_penalty,control_total_loss,control_target,control_weight,control_layer,control_metric,control_mode,control_lo,control_hi,control_current,control_warned,control_phase,control_armed
0,3.5,0.33765525619188946,0.1014959285656611,0.06782870707617905,0.3285716660320759,0.12858960032463077,0.06756998834320986,0.551519031325976,0.043304458260536194,0.21283437737479483,0.0,3.5,0.35,0.05,14,interference_mean,point,,,0.3285716660320759,,warmup,0
5,2.5625,0.3488071436683337,0.09876055518786113,0.07116734527099476,0.3516764932622512,0.12455483078956603,0.07796656540688564,0.5780323321620623,0.044459588328997296,0.2313878873334625,0.0,2.5625,0.35,0.05,14,interference_mean,point,,,0.3516764932622512,,warmup,0
10,1.8203125,0.35248101875185966,0.10229959388573966,0.07104056022353324,0.3579670501252015,0.12578059633572894,0.07631700267031284,0.5729108167191347,0.04773373405138651,0.232119241704422,0.0,1.8203125,0.35,0.05,14,interference_mean,point,,,0.3579670501252015,,warmup,0
15,2.328125,0.35894726403057575,0.09989310602347057,0.08208291965309798,0.36081038415431976,0.12907583316167195,0.07527392957398792,0.5677364046374956,0.05228857596715292,0.242572404652712,0.0,2.328125,0.35,0.05,14,interference_mean,point,,,0.36081038415431976,,warmup,0
20,1.765625,0.3611414432525635,0.09513829052448274,0.08195895711304972,0.3623818351576726,0.12912667393684388,0.07630607217110151,0.5644722357392311,0.0515207717816035,0.24209531020650255,0.006775510963052511,1.7724004983901978,0.35,0.05,14,interference_mean,point,,,0.7181171178817749,,active,1
25,2.34375,0.3618784248828888,0.09712299903233845,0.08297745155121418,0.35833321946362656,0.1287546257177989,0.07109863609042509,0.5578038568298022,0.04913951059182484,0.23691604604093788,0.005561440717428923,2.349311351776123,0.35,0.05,14,interference_mean,point,,,0.6835098266601562,,active,1
30,2.53125,0.3605161886662245,0.09866180221239725,0.07998567373238928,0.3627643622457981,0.1279527952273687,0.07095854854230961,0.5570736254254977,0.04876270095507304,0.2369719271838888,0.004952282179147005,2.5362021923065186,0.35,0.05,14,interference_mean,point,,,0.6647151708602905,,active,1
35,1.9921875,0.37130333048601943,0.09753910402456918,0.08688939679835639,0.3648395538330078,0.12883613705635072,0.06851903088185636,0.5567115048567454,0.045494945844014485,0.23853597108543012,0.004957613069564104,1.9971450567245483,0.35,0.05,14,interference_mean,point,,,0.6648845076560974,,active,1
40,1.453125,0.38098569090167683,0.10640757083892823,0.10358673358476056,0.3633792499701182,0.14468881487846377,0.06902240364953688,0.5553881178299586,0.043108840783437095,0.2407052011327265,0.005224781576544046,1.4583498239517212,0.35,0.05,14,interference_mean,point,,,0.6732578277587891,,active,1
45,2.078125,0.3852884030590455,0.10629262626171114,0.11933622546315609,0.36118771011630696,0.14512232740720116,0.07796289125351867,0.5491666868329048,0.04486316839853923,0.2442485569264242,0.005113021936267614,2.083238124847412,0.35,0.05,14,interference_mean,point,,,0.6697818636894226,,active,1
50,1.703125,0.3814106856783231,0.10475374460220338,0.09939859867858143,0.35992403452595073,0.14413290719191232,0.07698458267588286,0.5450286331276099,0.045167632897694904,0.25414750718540663,0.005124592687934637,1.708249568939209,0.35,0.05,14,interference_mean,point,,,0.6701434850692749,,active,1
55,2.125,0.3829567991197109,0.09394630392392476,0.0976093765455902,0.353685250505805,0.13447386821111043,0.07843835838807693,0.5332421200970808,0.05130265951156615,0.24202804265111766,0.005807050038129091,2.1308071613311768,0.35,0.05,14,interference_mean,point,,,0.6907946467399597,,active,1
60,2.375,0.38286120009919006,0.09521194001038868,0.09215118640089719,0.35318159436186153,0.1467384974161784,0.07822996765573002,0.5346377442280451,0.04590254624684651,0.23289091529884812,0.006041207816451788,2.3810412883758545,0.35,0.05,14,interference_mean,point,,,0.6975976824760437,,active,1
65,1.2734375,0.3858527621875207,0.09485725065072377,0.10382071243795342,0.35189099485675496,0.1439437558253606,0.06598433277492435,0.5342707075178623,0.04423638780911763,0.23869838110272198,0.005886376835405827,1.279323935508728,0.35,0.05,14,interference_mean,point,,,0.6931144595146179,,active,1
70,2.390625,0.3848315005501111,0.0950025200843811,0.1059497947350253,0.34841410008569557,0.13519096970558164,0.06383159427359518,0.5364242742458979,0.03821033239364624,0.24089291618654476,0.005141352768987417,2.395766258239746,0.35,0.05,14,interference_mean,point,,,0.6706665754318237,,active,1
75,2.203125,0.38458146962026757,0.09699663023153941,0.10402098639531682,0.34650208925207454,0.13056401312351226,0.06886775776600619,0.5392547113200029,0.037368655204772956,0.2456129451651516,0.004556267987936735,2.207681179046631,0.35,0.05,14,interference_mean,point,,,0.6518697738647461,,active,1
80,1.8125,0.38300286792218685,0.09943597118059794,0.09449779845028637,0.3471230206390222,0.12579093774159747,0.06245905861769107,0.5384378669162592,0.03413683573404948,0.24750840017831266,0.003763713641092181,1.8162636756896973,0.35,0.05,14,interference_mean,point,,,0.6243615746498108,,active,1
85,1.6796875,0.3822447353353103,0.10193325678507487,0.0938292017925094,0.3427542895078659,0.1253508031368256,0.06075340036473243,0.5351529916127523,0.03399807016054789,0.24298059074160186,0.0023331642150878906,1.682020664215088,0.35,0.05,14,interference_mean,point,,,0.5660168528556824,,active,1
90,2.734375,0.379301883901159,0.09838814338048298,0.09031267321308907,0.33685066799322766,0.12747800449530286,0.06371363279556792,0.5381898259123167,0.033081801732381184,0.24509608755059933,0.0016830386593937874,2.736057996749878,0.35,0.05,14,interference_mean,point,,,0.5334687232971191,,active,1
95,0.734375,0.38145605847239494,0.09768977860609689,0.09400820343418188,0.3375325507173936,0.1327988584836324,0.06498175005189864,0.5309074918429056,0.033546398083368935,0.2311590944940967,0.0012629189295694232,0.735637903213501,0.35,0.05,14,interference_mean,point,,,0.5089288353919983,,active,1
100,0.7890625,0.3774718164155881,0.09402155180772147,0.0912538380470896,0.3372584084669749,0.1367173026005427,0.06471812253886343,0.5198436590532461,0.03427129288514455,0.20613388857268652,0.0011447763536125422,0.7902072668075562,0.35,0.05,14,interference_mean,point,,,0.5013126730918884,,active,1
105,0.76953125,0.3783293031156063,0.09350476165612538,0.09175232563488755,0.3414690736681223,0.13181650340557097,0.06979681391189786,0.5146304282049338,0.0367294857899348,0.2157151282511336,0.0011816576588898897,0.7707129120826721,0.35,0.05,14,interference_mean,point,,,0.5037307739257812,,active,1
110,0.62109375,0.37728894874453545,0.09434084594249725,0.10006047261150487,0.3423900033036868,0.13264853060245513,0.06905714913327306,0.511880966524283,0.037809875607490544,0.22434979477579808,0.0011276517761871219,0.6222214102745056,0.35,0.05,14,interference_mean,point,,,0.5001766681671143,,active,1
115,0.8671875,0.3764909878373146,0.09501393139362335,0.09607789743836968,0.34594400723775226,0.14064610302448272,0.06696978286585738,0.5137984020014604,0.03730294307072957,0.2226802183781493,0.0010382054606452584,0.8682256937026978,0.35,0.05,14,interference_mean,point,,,0.4940975606441498,,active,1
120,1.1640625,0.37460645101964474,0.09491149485111235,0.08937821554492748,0.3484122647593419,0.14455756743748982,0.06789843065775593,0.5141063878933588,0.03823296328385671,0.23453238377064103,0.001086920383386314,1.165149450302124,0.35,0.05,14,interference_mean,point,,,0.49743950366973877,,active,1
125,1.4609375,0.3767587225884199,0.08785247206687928,0.10802118577971152,0.34836268114546937,0.15069650908311208,0.06930703741555135,0.5094375262657801,0.039591504136721294,0.2282095263514634,0.0011394981993362308,1.462077021598816,0.35,0.05,14,interference_mean,point,,,0.5009634494781494,,active,1
130,0.73046875,0.372494916121165,0.08825119535128277,0.09741243921131909,0.34422456411023933,0.15030503869056702,0.06730065868226509,0.4992201055089633,0.04106095731258392,0.21906729226145416,0.0012066478375345469,0.731675386428833,0.35,0.05,14,interference_mean,point,,,0.5053478479385376,,active,1
135,1.0859375,0.3716201111674309,0.09002023935317993,0.09655000851774746,0.33951662853360176,0.14703953464825947,0.0655570420141729,0.49150588115056354,0.04264456927776337,0.20924721833629478,0.0011736078886315227,1.0871111154556274,0.35,0.05,14,interference_mean,point,,,0.5032062530517578,,active,1
140,0.66015625,0.36845273648699123,0.08434737424055737,0.09743700578413196,0.3367201617608468,0.1449592024087906,0.065269557105808,0.4829866687456767,0.044320461153984074,0.20521539457202595,0.0011527023743838072,0.6613089442253113,0.35,0.05,14,interference_mean,point,,,0.5018355846405029,,active,1
145,1.640625,0.3679697345942259,0.08854382832845052,0.09520650680049714,0.3302783879141013,0.14579805036385854,0.061485389158175786,0.4795744481186072,0.045895776152610784,0.19660201771160887,0.0006852761143818498,1.6413103342056274,0.35,0.05,14,interference_mean,point,,,0.4670705795288086,,active,1
150,0.671875,0.3747485925753911,0.08806877732276917,0.10611157337209749,0.33035455209513503,0.1529879341522852,0.061987351863025175,0.47223664199312526,0.049842936793963115,0.20233779600115323,0.0005909886676818132,0.672465980052948,0.35,0.05,14,interference_mean,point,,,0.45871877670288086,,active,1
155,0.8125,0.38015246391296387,0.09268681406974794,0.10594015974993666,0.33487076746920746,0.15112323661645252,0.0593669564833296,0.4654032414158185,0.05095371504624685,0.2042102475562495,0.000415566231822595,0.812915563583374,0.35,0.05,14,interference_mean,point,,,0.4411664605140686,,active,1
160,0.87890625,0.382100115219752,0.09286367098490399,0.10096556997114053,0.3357008807361126,0.15300006667772928,0.05809801110485333,0.4584926466147105,0.056553357839584345,0.1997115699090665,0.0002328699774807319,0.8791391253471375,0.35,0.05,14,interference_mean,point,,,0.4182451367378235,,active,1
165,0.87109375,0.384151525174578,0.09502779146035512,0.1115204007708971,0.33405034864942235,0.15968754390875498,0.05985636735775359,0.45371946195761365,0.06053787966569265,0.18484707448786575,0.0001313883694820106,0.871225118637085,0.35,0.05,14,interference_mean,point,,,0.40126174688339233,,active,1
170,0.9140625,0.37583018839359283,0.09939415951569876,0.09937260915349654,0.3320223744958639,0.15426503320535026,0.05154898123451394,0.4486685072382291,0.06400796473026275,0.17143063935457079,7.810811075614765e-05,0.9141405820846558,0.35,0.05,14,interference_mean,point,,,0.3895241916179657,,active,1
175,1.265625,0.38174214276174706,0.09697041412194568,0.10575635570794044,0.3307905451705058,0.15712557534376778,0.052390927742166804,0.4502784051001072,0.06696396768093109,0.1666938999110423,5.7421486417297274e-05,1.2656824588775635,0.35,0.05,14,interference_mean,point,,,0.38388848304748535,,active,1
180,0.984375,0.38283533540864784,0.09781673351923624,0.10249905127424032,0.3305292471001546,0.15585267941157022,0.06178004066957755,0.452226135879755,0.06821624040603637,0.16648969669890887,5.728340693167411e-05,0.9844322800636292,0.35,0.05,14,interference_mean,point,,,0.383847713470459,,active,1
185,0.404296875,0.3902353284259637,0.09999066690603893,0.10981544849350093,0.3308026008307934,0.15369385679562889,0.06154106796071709,0.4490280809501807,0.06783775488535564,0.1684482140915633,8.072590389929246e-06,0.40430495142936707,0.35,0.05,14,interference_mean,point,,,0.3372936248779297,,active,1
190,0.91796875,0.3896350947519143,0.10014053285121917,0.11492130202980194,0.3334233872592449,0.1505527953306834,0.06189288220472555,0.4465744122862816,0.06572756270567576,0.15840012186491279,0.00017452798783779144,0.9181432723999023,0.35,0.05,14,interference_mean,point,,,0.40908095240592957,,active,1
195,0.66015625,0.39144412241876125,0.10035762588183084,0.11288801307383577,0.3355790500839551,0.14932700892289483,0.0654684489890781,0.4455848919848601,0.07037937442461649,0.16554134649342334,0.002105191582813859,0.662261426448822,0.35,0.05,14,interference_mean,point,,,0.5551921725273132,,active,1
