step,loss,geometry_interference_mean,geometry_spectral_participation,geometry_coactivation_overlap
0,6.759357929229736,0.4427970349788666,0.11327729906354632,0.11260869046625079
1,5.903177261352539,0.3523105978965759,0.14245042346772693,0.0965883957323432
2,4.106764793395996,0.2762879729270935,0.1790142362079923,0.08805309843832979
3,2.5119380950927734,0.2193957269191742,0.2225181186009967,0.06871714995835496
4,1.3258333206176758,0.18074862658977509,0.2658608754475911,0.0652216035897883
5,0.5826287865638733,0.15408824384212494,0.3009600866408575,0.061905867737236664
6,0.23490208387374878,0.1345701664686203,0.32442765008835567,0.061905867737236664
7,0.10019330680370331,0.12021089345216751,0.33779395572722903,0.05972007538750989
8,0.04763391613960266,0.10987721383571625,0.3442276545933315,0.0443320534723023
