step,loss,geometry_L7_interference_mean,geometry_L7_spectral_participation,geometry_L7_coactivation_overlap,geometry_L14_interference_mean,geometry_L14_spectral_participation,geometry_L14_coactivation_overlap,geometry_L26_interference_mean,geometry_L26_spectral_participation,geometry_L26_coactivation_overlap
0,3.5,0.33765525619188946,0.1014959285656611,0.06782870707617905,0.3285716660320759,0.12858960032463077,0.06756998834320986,0.551519031325976,0.043304458260536194,0.21283437737479483
5,2.5625,0.3488071436683337,0.09876055518786113,0.07116734527099476,0.3516764932622512,0.12455483078956603,0.07796656540688564,0.5780323321620623,0.044459588328997296,0.2313878873334625
10,1.8203125,0.35248101875185966,0.10229959388573966,0.07104056022353324,0.3579670501252015,0.12578059633572894,0.07631700267031284,0.5729108167191347,0.04773373405138651,0.232119241704422
15,2.328125,0.35894726403057575,0.09989310602347057,0.08208291965309798,0.36081038415431976,0.12907583316167195,0.07527392957398792,0.5677364046374956,0.05228857596715292,0.242572404652712
20,1.765625,0.3622892542431752,0.09534136354923249,0.08497145719932257,0.36121118379135925,0.1283573587735494,0.07566894701023072,0.5619946494698524,0.05086466272672017,0.24207480037733387
25,2.296875,0.362160546084245,0.09363887012004851,0.08074310047576434,0.363480926801761,0.1310814807812373,0.07326959503682297,0.5578926516075929,0.05035587847232819,0.2399822173387051
30,2.609375,0.3641731857011716,0.09586095909277596,0.08347472502865794,0.3681039909521739,0.12972729106744132,0.07082580366137671,0.5580040688316027,0.04706216851870219,0.24005903177387836
35,1.9765625,0.3717045734326045,0.0970497300227483,0.09571699640318676,0.3703529592603445,0.12838795880476636,0.0724532783809218,0.5574375726282597,0.04359670281410217,0.24308512045250666
40,1.46875,0.37918991843859357,0.09452068507671356,0.09335542305502113,0.3694094580908616,0.12914901077747343,0.07210620512560081,0.5531250933806101,0.04341452519098917,0.2384565276703103
45,2.0625,0.38391485313574475,0.09238946835199992,0.10361254744542191,0.37257111196716625,0.12866738041241962,0.07595101024759841,0.5492505778868993,0.04464540282885234,0.24686445721631503
50,1.5703125,0.3861522072305282,0.09508098959922791,0.10771233471285095,0.3698211157073577,0.13267892797787983,0.07208487807822463,0.5374001873036226,0.04505127668380737,0.23801079005656825
55,2.09375,0.38954027617971104,0.09554458061854045,0.12188804651009517,0.372839018702507,0.1301888833443324,0.07923144206393072,0.5326342123250166,0.04811956882476807,0.23764364607302954
60,2.328125,0.3917523504545291,0.0921666701634725,0.11818080550618325,0.3743757562090953,0.13621565004189806,0.077793984582424,0.5347337201237679,0.04589126904805501,0.23294179761350453
65,1.34375,0.3906902664651473,0.08701235651969909,0.11791948329041278,0.3769046316544215,0.1450617641210556,0.07936923245003051,0.5288185601433119,0.04596619009971619,0.2265586235138529
70,2.40625,0.3907533834377925,0.09181838234265645,0.11480707077293299,0.37726537697017193,0.13984631001949308,0.07463589078740002,0.5220148203273615,0.04948158164819081,0.22276366926660116
75,2.390625,0.384806701913476,0.09506893356641134,0.1041652578963038,0.37184052852292854,0.12681227922439578,0.07812035953600649,0.5217629435161749,0.04068879882494609,0.2261223267377173
80,1.8125,0.3794422162075837,0.08975140551726024,0.09353175043968771,0.36791721545159817,0.11796810626983639,0.07901545210927279,0.5195924825966358,0.04360206226507823,0.2204716592214012
85,1.6328125,0.3774147567649682,0.09015241463979086,0.09654882409177655,0.36666178579131764,0.11658508976300558,0.07121673655327108,0.5155002300937971,0.044282826781272884,0.2256943585835729
90,2.71875,0.3766435074309508,0.08788901468118031,0.09263370435230468,0.36883864489694435,0.11759636104106902,0.07110772290526741,0.5113663449883461,0.04318119287490845,0.21882206520815414
95,0.671875,0.37763875784973305,0.08690534234046936,0.10067924638446756,0.3696646858006716,0.12539494037628177,0.06903494612900575,0.4984999895095825,0.04637478490670522,0.2095202697245477
100,0.74609375,0.3769656755030155,0.09451492925484974,0.09538303074217251,0.3723944618056218,0.128368146220843,0.06639968620396967,0.4806143070260684,0.04884589811166127,0.20091369681524304
105,0.85546875,0.37814287717143696,0.09182896415392557,0.09786165241495516,0.3706251935412486,0.1250869294007619,0.07304815394875008,0.4605391522248586,0.05244421561559042,0.17040710769721398
110,0.51171875,0.3808459707846244,0.08500311076641083,0.09981938148968139,0.3775102098782857,0.1277008851369222,0.07145669942263655,0.45819535727302235,0.05068456530570984,0.15541003268320389
115,0.78125,0.37966114779313404,0.09055917958418529,0.09379448552294879,0.3849949004749457,0.12640080551306407,0.06962364261499807,0.4635554924607277,0.04887905120849609,0.15772517969858882
120,0.87890625,0.3758697931965192,0.09761649668216704,0.09723737141607088,0.38913459703326225,0.1308956931034724,0.0695314816537192,0.4651269478102525,0.05008942087491353,0.1647997493849959
125,1.1953125,0.3759518737594287,0.09189331034819286,0.09951251311017227,0.3929837644100189,0.13838587303956354,0.0679783323200047,0.4488093244532744,0.050125665465990704,0.16271327630775728
130,0.75390625,0.3711384553462267,0.0955660859743754,0.09092556586427586,0.3884755199154218,0.13845634361108144,0.07465976667917384,0.4282485234240691,0.054274248083432515,0.14664417060578558
135,1.140625,0.37366968641678494,0.09538535376389821,0.09049273460841138,0.38585046244164306,0.13877549668153127,0.06774737474565036,0.4080512523651123,0.06602343718210855,0.12870925910027387
140,0.609375,0.3731720906992753,0.09294975499312082,0.0959469978760521,0.38167378058036167,0.13650102814038598,0.06786810067261444,0.40243686735630035,0.06943802734216054,0.11610923831322861
145,1.7890625,0.3738638994594415,0.0959551046291987,0.09533732868458926,0.3811649239311616,0.13782049218813577,0.06960080165371156,0.4036538414657116,0.059385001659393304,0.11777297184970793
150,0.62890625,0.3745009309301774,0.09682542383670806,0.09665776148934663,0.38060687854886055,0.14004730383555095,0.07208577934769268,0.4058123392363389,0.055121058225631715,0.12097004362435898
155,0.87890625,0.3784687463194132,0.09076838195323944,0.10679410098225613,0.38107432797551155,0.14115453561147054,0.07055890989369563,0.40083406617244083,0.05611425439516704,0.11419694482747095
160,0.80859375,0.38053141348063946,0.09478827317555745,0.09999785761627744,0.3828916307538748,0.1391468197107315,0.0671779773428188,0.39912591874599457,0.056848593552907306,0.11623660333118557
165,0.84375,0.3774610583980878,0.09977582891782123,0.09941477417963263,0.38142678638299304,0.13988965054353078,0.07184307009588235,0.4036998376250267,0.05653362969557444,0.12255641416625716
170,0.8359375,0.38029511272907257,0.0986907253662745,0.10076101934960215,0.3797226684788863,0.140902978181839,0.0811417062465305,0.41218887145320576,0.05274293025334676,0.12763918832820012
175,1.640625,0.3790500828375419,0.09500084519386293,0.0998470452490841,0.38034122064709663,0.1363209088643392,0.08113206977308572,0.4151257375876109,0.05597825050354004,0.12305922416964304
180,0.81640625,0.377220056951046,0.09505248864491779,0.09707690806864501,0.3783285928269227,0.1315930793682734,0.08189096382990918,0.4148096473266681,0.057983558376630134,0.11565288928878824
185,0.53515625,0.37960633883873623,0.09457298815250398,0.09957108079816641,0.3764778214196364,0.13537339468797047,0.07991864022262396,0.41429390013217926,0.05801525811354319,0.11256360030433858
190,0.859375,0.38002347325285274,0.09753226439158123,0.10002391816123885,0.3729318094750245,0.13263663848241167,0.07832607685566711,0.41176578402519226,0.057710350553194685,0.11391043721459743
195,0.6953125,0.38306926873823005,0.09520799120267232,0.10575769834660538,0.37011371180415154,0.12965263128280638,0.07927273194529809,0.4152330855528514,0.06088104645411174,0.11203660985660324
