step,loss,geometry_L4_interference_mean,geometry_L4_spectral_participation,geometry_L4_coactivation_overlap,geometry_L8_interference_mean,geometry_L8_spectral_participation,geometry_L8_coactivation_overlap,geometry_L11_interference_mean,geometry_L11_spectral_participation,geometry_L11_coactivation_overlap,control_penalty,control_total_loss,control_target,control_weight,control_layer,control_metric,control_mode,control_lo,control_hi,control_current,control_warned,control_phase,control_armed
0,5.15617036819458,0.4425092463692029,0.10441338320573172,0.2006886694579393,0.5170501073201498,0.1251553177833557,0.1735353897352487,0.6629743327697118,0.09520070751508077,0.2895250686512536,0.0,5.15617036819458,0.35,0.01,8,interference_mean,point,,,0.5170501073201498,,warmup,0
5,4.235937595367432,0.4460956392188867,0.10137310226758321,0.17366665076401844,0.47138769179582596,0.13054391543070473,0.1413020451436569,0.6342300300796827,0.08890728851159413,0.291865841653461,0.0,4.235937595367432,0.35,0.01,8,interference_mean,point,,,0.47138769179582596,,warmup,0
10,3.7104549407958984,0.4494152379532655,0.10256908337275188,0.1814195792503733,0.45737555374701816,0.12687401771545412,0.14184914864637932,0.6495995372533798,0.07053652306397758,0.2780188004002239,0.0,3.7104549407958984,0.35,0.01,8,interference_mean,point,,,0.45737555374701816,,warmup,0
15,3.40997314453125,0.44426966458559036,0.09752852618694306,0.18344259986224573,0.44358348101377487,0.1306616375843684,0.14348773153640598,0.6300727476676306,0.07823591033617656,0.26315515625332125,0.0,3.40997314453125,0.35,0.01,8,interference_mean,point,,,0.44358348101377487,,warmup,0
20,3.3716001510620117,0.43392180403073627,0.08715584675470987,0.1834634709924706,0.43445324152708054,0.1429186880588532,0.15052489857517515,0.589467371503512,0.10150470038255056,0.24597410492509597,0.0,3.3716001510620117,0.35,0.01,8,interference_mean,point,,,0.43445324152708054,,warmup,0
25,2.9772863388061523,0.42619218428929645,0.0811589628458023,0.19341129193912213,0.43337831025322276,0.14895765582720435,0.14597938736556712,0.5276787827412287,0.13906224767367045,0.23080694778437408,6.951943214517087e-05,2.97735595703125,0.35,0.01,8,interference_mean,point,,,0.43337830901145935,,active,1
30,2.658590316772461,0.42391926298538846,0.08092200656731924,0.17912310972084114,0.42373688767353695,0.15527490774790445,0.13880984422028192,0.4326992978652318,0.18982980350653333,0.17547779438100183,5.661638351739384e-05,2.658646821975708,0.35,0.01,8,interference_mean,point,,,0.4252438545227051,,active,1
35,2.4438254833221436,0.42358507961034775,0.0839387685060501,0.18205183440489417,0.415957760065794,0.15531124869982402,0.1332648729561431,0.39612770080566406,0.20123297572135923,0.1664529523339022,4.618994353222661e-05,2.4438717365264893,0.35,0.01,8,interference_mean,point,,,0.4179631769657135,,active,1
40,2.4523093700408936,0.41518697639306384,0.07972988784313202,0.175210101554773,0.40759346013267833,0.15535022815068567,0.1261028903570403,0.3416747661928336,0.2210593531529109,0.1345353951476277,3.259776713093743e-05,2.4523420333862305,0.35,0.01,8,interference_mean,point,,,0.40709444880485535,,active,1
45,1.9831328392028809,0.41640368724862736,0.0810651034116745,0.18504408242359657,0.4065082830687364,0.15353448390960692,0.1293392257176226,0.3392243757843971,0.22442251145839687,0.11511551268219762,3.3992986573139206e-05,1.9831668138504028,0.35,0.01,8,interference_mean,point,,,0.40830349922180176,,active,1
50,2.107267379760742,0.4147812562684218,0.08388396004835764,0.18126812988701094,0.39469704031944275,0.1532426675160726,0.11887675791689441,0.30954862261811894,0.16737759709358216,0.10500727005258041,2.0794683223357424e-05,2.107288122177124,0.35,0.01,8,interference_mean,point,,,0.39560118317604065,,active,1
55,1.3980966806411743,0.4026942352453868,0.07871855497360229,0.17037657612942467,0.39022862787048024,0.1547124246756236,0.11746055958789657,0.30854591106375057,0.14249572455883028,0.10783896068416761,1.7382591977366246e-05,1.3981140851974487,0.35,0.01,8,interference_mean,point,,,0.3916924297809601,,active,1
60,1.2221566438674927,0.39387714366118115,0.07623532712459564,0.16219716624871525,0.3812446780502796,0.15272957086563108,0.11159532105952617,0.29761392312745255,0.12715966006120047,0.12920676071427625,1.0583721632428933e-05,1.2221672534942627,0.35,0.01,8,interference_mean,point,,,0.38253262639045715,,active,1
65,1.4310787916183472,0.386300894121329,0.07315186460812888,0.16413585960836838,0.3746483127276103,0.15152106682459512,0.10504196210228976,0.2877110155920188,0.17777556578318277,0.13860640743922878,6.359555300150532e-06,1.4310851097106934,0.35,0.01,8,interference_mean,point,,,0.37521815299987793,,active,1
70,1.1694319248199463,0.3820229632159074,0.07171063621838887,0.15903589603979776,0.36465901136398315,0.15245795249938968,0.10121795079147322,0.28367449219028157,0.22418679495652516,0.13515681016881864,2.4903195026126923e-06,1.1694344282150269,0.35,0.01,8,interference_mean,point,,,0.3657807409763336,,active,1
75,1.153688669204712,0.37877945477763814,0.07017405331134796,0.1522975744131398,0.3620471606651942,0.160156723856926,0.09706090649770238,0.292130542298158,0.19656350016593935,0.12623678741860203,1.6876947483979166e-06,1.1536903381347656,0.35,0.01,8,interference_mean,point,,,0.3629911243915558,,active,1
80,0.6937257051467896,0.38369518145918846,0.07278344829877219,0.15089404015839694,0.3515651747584343,0.1674427608648936,0.08693172025754085,0.2906675481547912,0.20011624395847324,0.11574989124452417,1.0081699741704142e-07,0.6937258243560791,0.35,0.01,8,interference_mean,point,,,0.35317516326904297,,active,1
85,0.7565246820449829,0.37510941301782924,0.06932888031005859,0.15518144778274315,0.34847302238146466,0.1672687808672587,0.08485591384008297,0.29488545283675194,0.18011380434036253,0.11375893620297228,3.7428613097745256e-08,0.7565247416496277,0.35,0.01,8,interference_mean,point,,,0.3480653464794159,,active,1
90,0.4861380159854889,0.37405774369835854,0.069931494196256,0.15661854265678474,0.3496817809840043,0.16646892527739207,0.08732467881503082,0.32248801986376446,0.15237345397472382,0.1243050918012577,2.761235018411412e-09,0.4861380159854889,0.35,0.01,8,interference_mean,point,,,0.35052546858787537,,active,1
95,0.5805521011352539,0.37689777960379917,0.07063633799552917,0.1578459217321912,0.3439894765615463,0.17571713030338287,0.0888162341086316,0.3521129253009955,0.1390784422556559,0.12805370548106293,2.2336132587952306e-07,0.580552339553833,0.35,0.01,8,interference_mean,point,,,0.34527388215065,,active,1
100,0.4692278504371643,0.36595311760902405,0.0667801022529602,0.14610953291311332,0.33646520723899204,0.1790189584096273,0.08656850340971549,0.34614571804801625,0.12586043675740557,0.13673987733953966,1.199266307594371e-06,0.4692290425300598,0.35,0.01,8,interference_mean,point,,,0.3390488922595978,,active,1
105,0.3908836543560028,0.35693922514716786,0.06301919519901276,0.14208164010202182,0.32832132652401924,0.1797983229160309,0.08533458865776472,0.3386771020789941,0.11311746339003244,0.12690312042895993,4.425583938427735e-06,0.3908880650997162,0.35,0.01,8,interference_mean,point,,,0.32896292209625244,,active,1
110,0.34863778948783875,0.3539242818951607,0.06379093329111735,0.14786765561216622,0.3281289264559746,0.1734873960415522,0.08871413904280422,0.3727959518631299,0.11310930947462718,0.154077426951119,4.80311109640752e-06,0.34864258766174316,0.35,0.01,8,interference_mean,point,,,0.32808399200439453,,active,1
115,0.3801436424255371,0.36137837544083595,0.06469397048155466,0.14865960940409037,0.33330828696489334,0.16887902319431305,0.09036319911438079,0.39574159930149716,0.1172154774268468,0.1652085072975177,3.4565689475130057e-06,0.3801470994949341,0.35,0.01,8,interference_mean,point,,,0.33140814304351807,,active,1
120,0.31418368220329285,0.3611837526162465,0.06145476897557576,0.14530020247163386,0.3381570552786191,0.17089595993359885,0.08796743446639856,0.40888666299482185,0.10418279270331066,0.1793536691782203,1.3826106624037493e-06,0.3141850531101227,0.35,0.01,8,interference_mean,point,,,0.3382415473461151,,active,1
125,0.19971518218517303,0.358211691180865,0.05791079501310984,0.14413331432205836,0.32752567032972973,0.17333592077096305,0.08461267388702681,0.38365709657470387,0.09678951899210612,0.15898923212199434,4.502946467255242e-06,0.19971968233585358,0.35,0.01,8,interference_mean,point,,,0.32877984642982483,,active,1
130,0.24724574387073517,0.3595216857890288,0.0580454816420873,0.14794756047238938,0.3278861232101917,0.17627398471037548,0.09101383456196925,0.3654069198916356,0.11244625747203828,0.15349588692617963,5.221228093432728e-06,0.24725095927715302,0.35,0.01,8,interference_mean,point,,,0.32714998722076416,,active,1
135,0.1634306013584137,0.36105258762836456,0.060616430640220646,0.1550275677190214,0.3246288647254308,0.17212503949801125,0.08832356973080911,0.3883611435691516,0.09631781379381814,0.15961995344036467,5.668564426741796e-06,0.16343626379966736,0.35,0.01,8,interference_mean,point,,,0.326191246509552,,active,1
140,0.14915134012699127,0.3605894061426322,0.06039957801500958,0.14924781105476984,0.3209804631769657,0.17358559568723042,0.09076174575878516,0.39439327207704383,0.10204627315203348,0.16443738749851397,8.58570547279669e-06,0.14915992319583893,0.35,0.01,8,interference_mean,point,,,0.320698618888855,,active,1
145,0.11473896354436874,0.36026819919546443,0.059550379713376365,0.14453557787725926,0.3207603357732296,0.17120360831419626,0.08735363978500987,0.37048414722085,0.10452602803707123,0.14652479350559341,8.483839337714016e-06,0.11474744975566864,0.35,0.01,8,interference_mean,point,,,0.320872962474823,,active,1
150,0.09546241164207458,0.36510396376252174,0.06494996050993601,0.14881893136752553,0.32022394115726155,0.16723931431770325,0.09013818669370717,0.3742961858709653,0.10531590481599169,0.14136667668330094,8.8136321210186e-06,0.09547122567892075,0.35,0.01,8,interference_mean,point,,,0.3203122317790985,,active,1
155,0.05205953121185303,0.360873457044363,0.061897847056388865,0.150780981574567,0.32708440348505974,0.17017771402994794,0.08756205549283093,0.39475464075803757,0.08553662995497385,0.15678418729218568,6.017234682076378e-06,0.05206554755568504,0.35,0.01,8,interference_mean,point,,,0.3254699409008026,,active,1
160,0.08595982193946838,0.35504553094506264,0.05891546010971069,0.14033716991641917,0.3282407174507777,0.17304411927858987,0.09404376487652892,0.389412051687638,0.08104077478249869,0.15706595971159018,4.905978585156845e-06,0.08596472442150116,0.35,0.01,8,interference_mean,point,,,0.3278505504131317,,active,1
165,0.06733616441488266,0.3665429775913556,0.07072418133417767,0.142637189107803,0.3318456883231799,0.16597911616166433,0.09088104934022286,0.3947210429857175,0.0897570530573527,0.15925607374218773,3.3201426958839875e-06,0.06733948737382889,0.35,0.01,8,interference_mean,point,,,0.33177873492240906,,active,1
170,0.06406102329492569,0.3756438617904981,0.07689711650212606,0.1460348699408116,0.33575382207830745,0.1580005615949631,0.09168972300359331,0.4203757879634698,0.1002070148785909,0.1748854335695722,2.090760062856134e-06,0.06406311690807343,0.35,0.01,8,interference_mean,point,,,0.3355405330657959,,active,1
175,0.06627437472343445,0.37365778908133507,0.07985725104808807,0.14873221455203853,0.3334694243967533,0.15666285455226897,0.09128899957500829,0.4021093448003133,0.10804119408130647,0.1619424919989678,2.2493877622764558e-06,0.06627662479877472,0.35,0.01,8,interference_mean,point,,,0.33500203490257263,,active,1
180,0.050283513963222504,0.3829535183807214,0.08627239763736723,0.15796057638643615,0.32402347152431804,0.16265061299006145,0.0887980794655142,0.3997051479915778,0.10735612809658052,0.16115957669327405,6.64053413856891e-06,0.05029015615582466,0.35,0.01,8,interference_mean,point,,,0.32423076033592224,,active,1
185,0.05694248154759407,0.39280683547258377,0.08982885877291362,0.1579980256610675,0.32786211495598155,0.16775347590446474,0.08559885009476993,0.4097451890508334,0.10904787977536518,0.16459084088299658,5.4001448006602e-06,0.05694788321852684,0.35,0.01,8,interference_mean,point,,,0.32676178216934204,,active,1
190,0.020854881033301353,0.38627208893497783,0.09149049123128256,0.1574462541477731,0.32675545662641525,0.16473563412825262,0.08548371040206316,0.39976021523276967,0.10806340078512827,0.16227852268200482,5.143275757291121e-06,0.02086002379655838,0.35,0.01,8,interference_mean,point,,,0.32732120156288147,,active,1
195,0.0477573536336422,0.3838421093920867,0.08842243452866871,0.1504391267137926,0.3269828334450722,0.16383311748504636,0.09328567416022499,0.3953994462887446,0.10369548797607421,0.16830735840813815,5.324342509993585e-06,0.0477626770734787,0.35,0.01,8,interference_mean,point,,,0.32692545652389526,,active,1
200,0.010366786271333694,0.3862703616420428,0.09270135760307312,0.14313246548889053,0.33227040121952695,0.15865439971288045,0.08234619689315335,0.39048722262183827,0.09831901292006177,0.15938316295496022,3.424374881433323e-06,0.010370210744440556,0.35,0.01,8,interference_mean,point,,,0.33149492740631104,,active,1
205,0.03135068714618683,0.3771813487013181,0.09283626178900402,0.1415471869996445,0.3331335298717022,0.14843102792898813,0.0792837367295811,0.3969284159441789,0.09282364646593728,0.17236900571424932,3.2195212043006904e-06,0.0313539057970047,0.35,0.01,8,interference_mean,point,,,0.3320569694042206,,active,1
210,0.02476227469742298,0.3757283054292202,0.08746631344159445,0.1424709394687426,0.34068184594313305,0.1457140276829402,0.08125956203569767,0.40228677603105706,0.09462686876455943,0.1696089121163031,1.1443041785241803e-06,0.02476341836154461,0.35,0.01,8,interference_mean,point,,,0.33930277824401855,,active,1
215,0.026321422308683395,0.37548164650797844,0.0845172514518102,0.14632807142744522,0.3409840849538644,0.14860982000827788,0.08306221386841804,0.39318476244807243,0.09798503816127778,0.158324728393648,8.376228493034432e-07,0.02632226049900055,0.35,0.01,8,interference_mean,point,,,0.34084782004356384,,active,1
220,0.019371025264263153,0.3740723431110382,0.07891705334186555,0.1421088092182459,0.3367358185350895,0.15746919810771942,0.08289521279341365,0.37820137043793994,0.08672108948230743,0.17224825630398946,1.6309489865307114e-06,0.01937265694141388,0.35,0.01,8,interference_mean,point,,,0.3372291326522827,,active,1
225,0.019068045541644096,0.3764544613659382,0.07637620468934377,0.13912434719245234,0.3418589209516843,0.15956451992193857,0.0825739854208545,0.37128376215696335,0.08577892184257507,0.15522281707281452,1.1123694321213407e-06,0.019069157540798187,0.35,0.01,8,interference_mean,point,,,0.3394531011581421,,active,1
230,0.014146184548735619,0.37651408339540166,0.07315059006214142,0.14528224478343957,0.34829478959242505,0.15918132166067758,0.09575198178798801,0.3842228688299656,0.09889430105686187,0.1527753314064235,2.710925528504049e-08,0.014146211557090282,0.35,0.01,8,interference_mean,point,,,0.3483535051345825,,active,1
235,0.010497740469872952,0.3779849372804165,0.07794988850752511,0.15172604072823037,0.3451750824848811,0.1636495759089788,0.09566296438810616,0.39253992463151616,0.10095455845197043,0.15109896833835207,1.2777834967891977e-07,0.010497868061065674,0.35,0.01,8,interference_mean,point,,,0.3464253842830658,,active,1
240,0.022377263754606247,0.3780861037472884,0.08017680545647939,0.15592762839152072,0.3381177994112174,0.1645537962516149,0.09006901566765248,0.3908507575591405,0.1038395643234253,0.14825323356705006,1.0261907164021977e-06,0.022378290072083473,0.35,0.01,8,interference_mean,point,,,0.339869886636734,,active,1
245,0.003973755054175854,0.3788987435400486,0.08238578935464223,0.15462785107497012,0.3346435862282912,0.1663058539231618,0.09037087102086605,0.38158685465653736,0.10351594388484954,0.1408348253171676,2.19965818359924e-06,0.0039759548380970955,0.35,0.01,8,interference_mean,point,,,0.3351687490940094,,active,1
250,0.01025781687349081,0.38134464249014854,0.08616429666678112,0.15244023272121915,0.33478136733174324,0.1639730791250865,0.08618532880415407,0.35406527419885,0.10135463178157805,0.1451734144181974,2.6886452815233497e-06,0.010260505601763725,0.35,0.01,8,interference_mean,point,,,0.3336029052734375,,active,1
255,0.014459068886935711,0.38002517198522884,0.08271027207374572,0.14110812662863853,0.34506692613164586,0.14961624145507812,0.08544304173084764,0.35796089222033817,0.09590516090393066,0.14434875975706155,3.702152184814622e-07,0.014459439553320408,0.35,0.01,8,interference_mean,point,,,0.3439154624938965,,active,1
260,0.004006522707641125,0.3794463115433852,0.07943828602631887,0.13433075619033005,0.34446857248743373,0.15088905493418375,0.09072863236955397,0.3492531205217044,0.12381543219089508,0.13488295280973975,2.805321344112599e-07,0.004006803035736084,0.35,0.01,8,interference_mean,point,,,0.34470346570014954,,active,1
265,0.0032794505823403597,0.3781232809027036,0.07939017911752064,0.14653254314387648,0.343063880999883,0.15823785463968912,0.09409447639151025,0.33136847366889316,0.14058423936367034,0.1271873077186487,4.588880244682514e-07,0.0032799094915390015,0.35,0.01,8,interference_mean,point,,,0.3432258665561676,,active,1
270,0.011954098008573055,0.37620524192849797,0.0809330443541209,0.13962393488402608,0.3429865936438243,0.1572462449471156,0.09619855690197894,0.32417117059230804,0.13293884893258412,0.12360994083899353,4.6994443891890114e-07,0.011954568326473236,0.35,0.01,8,interference_mean,point,,,0.3431447446346283,,active,1
275,0.005384702235460281,0.3755682458480199,0.08755747973918913,0.1421884587268152,0.3398364832003911,0.1532350500424703,0.09651911637101292,0.3464314906547467,0.10791581173737845,0.13574278143619123,1.0015841098720557e-06,0.00538570387288928,0.35,0.01,8,interference_mean,point,,,0.33999207615852356,,active,1
280,0.0170541163533926,0.37177399297555286,0.08412154912948606,0.14456476857368486,0.3415665191908677,0.1564528465270996,0.09895458456091234,0.3489002703378598,0.11163721382617951,0.13744878851082934,6.836719421698945e-07,0.01705479994416237,0.35,0.01,8,interference_mean,point,,,0.34173154830932617,,active,1
285,0.008272306062281132,0.3749248931805293,0.08550277352333069,0.1384706450679637,0.3442709098259608,0.16235181093215942,0.09982950910116876,0.34527574976285297,0.11068480908870697,0.12698904946889442,4.6831144118186785e-07,0.008272774517536163,0.35,0.01,8,interference_mean,point,,,0.3431566655635834,,active,1
290,0.010483554564416409,0.37924714262286824,0.08724488119284313,0.14113982914818432,0.3453465389708678,0.16516116857528687,0.09393373255807584,0.3450804874300957,0.11008337338765461,0.12151628693180261,2.2355574458288174e-07,0.010483778081834316,0.35,0.01,8,interference_mean,point,,,0.3452718257904053,,active,1
295,0.007177554536610842,0.3859625806411107,0.09123583137989044,0.1450991462467498,0.35178082808852196,0.1554313153028488,0.09704905099562992,0.3612681192656358,0.10807724992434183,0.12731925812637976,1.4427680383732877e-08,0.007177568972110748,0.35,0.01,8,interference_mean,point,,,0.3512011468410492,,active,1
300,0.013052413240075111,0.38312269871433574,0.09639046291510263,0.13218121851745487,0.34884025032321614,0.15341400007406872,0.09222972217088948,0.38702227858205634,0.10055868724981944,0.1483625139849852,2.8969144860724327e-09,0.013052416034042835,0.35,0.01,8,interference_mean,point,,,0.34946176409721375,,active,1
305,0.018394116312265396,0.3852800279855728,0.0984576572974523,0.13285010588676863,0.3496090831855933,0.14663361807664235,0.09380883430620328,0.39262801222503185,0.10102849602699278,0.14876352005509316,5.412546855154687e-09,0.018394121900200844,0.35,0.01,8,interference_mean,point,,,0.3492642939090729,,active,1
310,0.010187137871980667,0.37793488924702007,0.09262589315573373,0.1398023918006103,0.34997982531785965,0.1451448847850164,0.09043453048386041,0.3694038155178229,0.10924185812473297,0.13092968062155655,7.43407779779659e-09,0.010187145322561264,0.35,0.01,8,interference_mean,point,,,0.3491377830505371,,active,1
315,0.0134241608902812,0.372974656522274,0.08852513829867044,0.13800476652482918,0.3502410215636094,0.1424989720185598,0.08716247111971485,0.3761458868781726,0.10992652376492819,0.13862157927622254,1.3109353602658302e-09,0.013424161821603775,0.35,0.01,8,interference_mean,point,,,0.35036206245422363,,active,1
320,0.032838352024555206,0.3736273894707362,0.09120673934618632,0.14226795825144212,0.34949271629254025,0.143352277080218,0.08759515422524468,0.4163108008603255,0.08653338948885601,0.15595306279931034,1.035971308738226e-11,0.032838352024555206,0.35,0.01,8,interference_mean,point,,,0.3499678075313568,,active,1
325,0.009598811157047749,0.37618085741996765,0.0936808854341507,0.14603803938666327,0.35188106323281926,0.14255873064200084,0.09119915126452043,0.4211852413912614,0.07769810756047567,0.15541772614160332,3.8423376480523075e-08,0.009598849341273308,0.35,0.01,8,interference_mean,point,,,0.3519601821899414,,active,1
330,0.010360443033277988,0.37337076167265576,0.09340070287386577,0.13666717046987265,0.3480013236403465,0.1404136449098587,0.09495222072643522,0.3835883730401595,0.08459229270617165,0.1406215542084768,7.45670725166292e-09,0.010360450483858585,0.35,0.01,8,interference_mean,point,,,0.34913647174835205,,active,1
335,0.0034043067134916782,0.3620859744648139,0.0838076998790105,0.13059016283771982,0.34590398892760277,0.14255221883455912,0.0910383553703308,0.3654696320494016,0.0890047679344813,0.1317627874415729,1.8987432781614189e-07,0.0034044967032969,0.35,0.01,8,interference_mean,point,,,0.3456425368785858,,active,1
340,0.027520915493369102,0.35546406482656795,0.07649123966693878,0.12732197048063937,0.34645169973373413,0.14343868990739184,0.08973503983882385,0.3718286727865537,0.09519981841246285,0.13608151384923275,2.03173939894441e-07,0.02752111852169037,0.35,0.01,8,interference_mean,point,,,0.34549251198768616,,active,1
345,0.0025628069415688515,0.35468174268802005,0.07489236891269684,0.124591978789421,0.3500959202647209,0.14387228886286418,0.08856664551380355,0.3913566842675209,0.09378683666388193,0.1443513986204386,1.333910981671238e-09,0.0025628083385527134,0.35,0.01,8,interference_mean,point,,,0.3496347665786743,,active,1
350,0.004856131970882416,0.35628091419736546,0.0775253693262736,0.12373762732848086,0.35165448238452274,0.1437195211648941,0.09420787905604573,0.40453163410226506,0.08361849288145701,0.15218788429898253,1.5089471006035637e-08,0.00485614687204361,0.35,0.01,8,interference_mean,point,,,0.35122838616371155,,active,1
355,0.0015843389555811882,0.3564092256128788,0.0764497458934784,0.12312894389493965,0.3517036276559035,0.1485812395811081,0.09574371479869413,0.39710975997149944,0.0911497394243876,0.15465218233337322,2.0962019675607735e-08,0.001584359910339117,0.35,0.01,8,interference_mean,point,,,0.35144782066345215,,active,1
360,0.030521873384714127,0.3546292458971341,0.07123421629269919,0.1152499835599861,0.3524966662128766,0.1509433925151825,0.09266231181496737,0.37509674578905106,0.1065675715605418,0.1516266960599787,5.666450064722994e-08,0.030521929264068604,0.35,0.01,8,interference_mean,point,,,0.3523804247379303,,active,1
365,0.0041807871311903,0.3570900211731593,0.06790203352769215,0.1211269212747455,0.35354942580064136,0.1468936522801717,0.09120489175750622,0.3573288197318713,0.11671804984410604,0.14059269814648398,1.2584472131038638e-07,0.004180912859737873,0.35,0.01,8,interference_mean,point,,,0.35354745388031006,,active,1
370,0.008012532256543636,0.3583876167734464,0.06527170538902283,0.12501531926670414,0.34831005210677785,0.14842536548773447,0.08987069779075073,0.3536326897641023,0.11597242653369903,0.1315256200208332,2.6847860046252947e-10,0.008012532256543636,0.35,0.01,8,interference_mean,point,,,0.349836140871048,,active,1
375,0.01031178142875433,0.3549286834895611,0.05785623788833618,0.12070299757398291,0.3438169074555238,0.15010487039883932,0.08612629482363844,0.364121841887633,0.11290413538614909,0.13904876009203015,3.2238986591437424e-07,0.010312103666365147,0.35,0.01,8,interference_mean,point,,,0.3443220555782318,,active,1
380,0.003929165191948414,0.35364788894852,0.056803648670514434,0.12644273457120322,0.343154759456714,0.14853504498799644,0.08152360680125469,0.3819313645362854,0.11270810663700104,0.15120141815728835,3.5911506301999907e-07,0.003929524216800928,0.35,0.01,8,interference_mean,point,,,0.34400737285614014,,active,1
385,0.001821483252570033,0.35371021429697674,0.0589446892340978,0.11848094761470292,0.3410607961316903,0.14907183051109313,0.08550552169181813,0.3794098533689976,0.10573627750078836,0.15100692561032156,7.879864369897405e-07,0.0018222712678834796,0.35,0.01,8,interference_mean,point,,,0.34112313389778137,,active,1
390,0.0026931157335639,0.3528287212053935,0.06164418558279674,0.12289214565218977,0.34005950887997943,0.14999564091364542,0.08813183717651722,0.36657402850687504,0.10567998786767323,0.13768836146063632,1.0126682354894e-06,0.0026941283140331507,0.35,0.01,8,interference_mean,point,,,0.33993685245513916,,active,1
395,0.008419600315392017,0.3528438073893388,0.06546539465586344,0.12356241507341818,0.3422688941160838,0.14911267757415772,0.08312144807823478,0.3632052118579547,0.09958170056343078,0.14320935905897064,7.679670375182468e-07,0.008420368656516075,0.35,0.01,8,interference_mean,point,,,0.3412366211414337,,active,1
400,0.004197996575385332,0.3548252023756504,0.07253112693627675,0.1217352389639575,0.35039760172367096,0.14736358324686685,0.09116154582236374,0.38138484085599583,0.10419228573640188,0.15114016328442756,2.604113591431201e-09,0.004197999369353056,0.35,0.01,8,interference_mean,point,,,0.349489688873291,,active,1
405,0.005568117834627628,0.36111398165424663,0.0809746891260147,0.12625715803094947,0.34931932389736176,0.1505145033200582,0.0925510748390222,0.39687756821513176,0.09610252281030018,0.14764078215319051,2.892783512731256e-10,0.005568118300288916,0.35,0.01,8,interference_mean,point,,,0.34982991218566895,,active,1
410,0.034700170159339905,0.3673270419239998,0.08573725720246633,0.127737445585709,0.351256113499403,0.1534442295630773,0.09251856403559672,0.4143845612804095,0.09694140752156576,0.15942490137094784,1.7871413238168543e-09,0.034700170159339905,0.35,0.01,8,interference_mean,point,,,0.350422739982605,,active,1
415,0.0022615438792854548,0.3730463373164336,0.08656721909840902,0.13544534348331305,0.3519460919002692,0.15425767799218496,0.0862420704582703,0.4175323011974494,0.10083092053731281,0.16233671140406705,3.145324711795183e-08,0.002261575311422348,0.35,0.01,8,interference_mean,point,,,0.3517735004425049,,active,1
420,0.0016446491936221719,0.3754136189818382,0.08990220725536346,0.1423381019398446,0.3529437569280465,0.15152622361977894,0.08868573157150585,0.40169255807995796,0.10598747630914053,0.15248017553681031,9.498584319089787e-08,0.0016447441885247827,0.35,0.01,8,interference_mean,point,,,0.35308197140693665,,active,1
425,0.011403942480683327,0.3795289397239685,0.08916431864102681,0.14280817426131776,0.35924067969123524,0.14549509783585865,0.0986643457207384,0.3992966419706742,0.10106638868649802,0.146144695326498,6.082206596147444e-07,0.01140455063432455,0.35,0.01,8,interference_mean,point,,,0.35779884457588196,,active,1
430,0.003158322535455227,0.3795899947484334,0.08145416577657064,0.14637460831066715,0.3615250264604886,0.14465382695198062,0.09932497941610767,0.4171504390736421,0.09915026525656383,0.15934789668297897,1.2950613381690346e-06,0.0031596175394952297,0.35,0.01,8,interference_mean,point,,,0.36138007044792175,,active,1
435,0.006104966625571251,0.3743250345190366,0.07398093144098918,0.15157778492026744,0.3628731295466423,0.1420392910639445,0.09484672532932825,0.4220828401545684,0.09677074154218039,0.15771794692342814,1.5057931932460633e-06,0.006106472574174404,0.35,0.01,8,interference_mean,point,,,0.3622710704803467,,active,1
440,0.0014913061168044806,0.37391320367654163,0.07030932207902273,0.15359531501472437,0.3639071894188722,0.14306948284308116,0.0938890248006151,0.4045041389763355,0.10204127033551534,0.13788970825168378,2.01359148377378e-06,0.001493319752626121,0.35,0.01,8,interference_mean,point,,,0.36419010162353516,,active,1
445,0.0014699554303660989,0.37443219621976215,0.07061910927295685,0.1538776384609962,0.3606918888787429,0.14568513135115305,0.0933815941861139,0.3906818100561698,0.09353460172812145,0.1344317041621692,1.3940231156084337e-06,0.0014713495038449764,0.35,0.01,8,interference_mean,point,,,0.36180686950683594,,active,1
450,0.07222796976566315,0.37268001958727837,0.06954995890458425,0.14937736569407054,0.35448788354794186,0.14952681064605713,0.09277872165415185,0.3929526284337044,0.09770396252473194,0.13382206420369167,2.611418494780082e-07,0.07222823053598404,0.35,0.01,8,interference_mean,point,,,0.35511019825935364,,active,1
455,0.006501438561826944,0.37035955985387164,0.06878199776013692,0.1490312901749001,0.3515669380625089,0.15197495420773824,0.09095551343087734,0.3983340697983901,0.09495512346426645,0.13918196501620808,2.1583584697282276e-08,0.0065014599822461605,0.35,0.01,8,interference_mean,point,,,0.35146912932395935,,active,1
460,0.010767270810902119,0.371213352928559,0.07056839068730672,0.15108446841910708,0.3501945920288563,0.1526501665512721,0.08890280598666146,0.404779601842165,0.10032152632872265,0.1445518831880632,2.0235757958175782e-08,0.01076729129999876,0.35,0.01,8,interference_mean,point,,,0.351422518491745,,active,1
465,0.022239765152335167,0.37556543201208115,0.0758237451314926,0.1486547503597576,0.34498297547300655,0.15103889405727386,0.0862037688507396,0.3932726240406434,0.09759082893530528,0.14037858335650805,1.2617054778729653e-07,0.022239891812205315,0.35,0.01,8,interference_mean,point,,,0.3464479446411133,,active,1
470,0.0026636787224560976,0.3766188248991966,0.0778139760096868,0.14874686943492663,0.34292811900377274,0.1519708345333735,0.09157663520721358,0.38878890747825307,0.10389511982599896,0.14895096394856353,4.7372751055263507e-07,0.0026641525328159332,0.35,0.01,8,interference_mean,point,,,0.34311720728874207,,active,1
475,0.0016538392519578338,0.3774034281571706,0.08003986378510793,0.14996234272639666,0.34199017410477,0.15486734509468078,0.09501277045448919,0.4010746746013562,0.09779791235923767,0.158316975132491,6.428954293369316e-07,0.001654482097364962,0.35,0.01,8,interference_mean,point,,,0.3419819176197052,,active,1
480,0.0025344158057123423,0.37797830005486804,0.08261715769767762,0.15143826010860065,0.3414187915623188,0.15667109588781994,0.09357197356307519,0.4154674143840869,0.09205551942189534,0.167413073014384,6.840811010988546e-07,0.0025350998621433973,0.35,0.01,8,interference_mean,point,,,0.341729074716568,,active,1
485,0.000914036005269736,0.3831137331823508,0.08425716857115428,0.15190036048776193,0.341734000792106,0.15485938092072807,0.1007681936338186,0.41456952318549156,0.09614825149377187,0.1677169196899104,7.817606615390105e-07,0.0009148177923634648,0.35,0.01,8,interference_mean,point,,,0.34115827083587646,,active,1
490,0.0022148648276925087,0.3859490392108758,0.08168995380401611,0.16567847026602914,0.34217655658721924,0.1569450557231903,0.10327828707408966,0.4169483706355095,0.09339432517687479,0.1630651139346532,4.7020188276292174e-07,0.0022153351455926895,0.35,0.01,8,interference_mean,point,,,0.34314286708831787,,active,1
495,0.000893194752279669,0.38334042578935623,0.08134549856185913,0.16390758864624164,0.34371067583560944,0.16125076214472453,0.09747940328891837,0.4259909677008788,0.08953857223192851,0.1628897478867639,5.73179647744837e-07,0.000893767923116684,0.35,0.01,8,interference_mean,point,,,0.34242913126945496,,active,1
